{
  "alphabet": [
    "l",
    "d",
    "n",
    "w",
    "e",
    "b",
    "s",
    "*",
    "/",
    "=",
    "o"
  ],
  "states": [
    {
      "id": 0,
      "name": "0",
      "coord": {
        "x": 284,
        "y": 34
      },
      "radius": 20,
      "end": false,
      "start": true
    },
    {
      "id": 1,
      "name": "1",
      "coord": {
        "x": 151,
        "y": 39
      },
      "radius": 20,
      "end": false,
      "start": false
    },
    {
      "id": 2,
      "name": "2*",
      "coord": {
        "x": 61,
        "y": 124
      },
      "radius": 20,
      "end": true,
      "start": false
    },
    {
      "id": 3,
      "name": "ErrNum",
      "coord": {
        "x": 34,
        "y": 31
      },
      "radius": 20,
      "end": true,
      "start": false
    },
    {
      "id": 4,
      "name": "4",
      "coord": {
        "x": 398,
        "y": 57
      },
      "radius": 20,
      "end": false,
      "start": false
    },
    {
      "id": 5,
      "name": "5*",
      "coord": {
        "x": 541,
        "y": 79
      },
      "radius": 20,
      "end": true,
      "start": false
    },
    {
      "id": 6,
      "name": "6",
      "coord": {
        "x": 468,
        "y": 159
      },
      "radius": 20,
      "end": true,
      "start": false
    },
    {
      "id": 7,
      "name": "7",
      "coord": {
        "x": 478,
        "y": 240
      },
      "radius": 20,
      "end": true,
      "start": false
    },
    {
      "id": 8,
      "name": "8",
      "coord": {
        "x": 395,
        "y": 263
      },
      "radius": 20,
      "end": false,
      "start": false
    },
    {
      "id": 9,
      "name": "9*",
      "coord": {
        "x": 459,
        "y": 341
      },
      "radius": 20,
      "end": true,
      "start": false
    },
    {
      "id": 10,
      "name": "10",
      "coord": {
        "x": 432,
        "y": 459
      },
      "radius": 20,
      "end": true,
      "start": false
    },
    {
      "id": 11,
      "name": "11",
      "coord": {
        "x": 201,
        "y": 157
      },
      "radius": 20,
      "end": false,
      "start": false
    },
    {
      "id": 12,
      "name": "12",
      "coord": {
        "x": 119,
        "y": 205
      },
      "radius": 20,
      "end": false,
      "start": false
    },
    {
      "id": 13,
      "name": "13",
      "coord": {
        "x": 37,
        "y": 257
      },
      "radius": 20,
      "end": false,
      "start": false
    },
    {
      "id": 14,
      "name": "14",
      "coord": {
        "x": 32,
        "y": 358
      },
      "radius": 20,
      "end": true,
      "start": false
    },
    {
      "id": 15,
      "name": "15",
      "coord": {
        "x": 201,
        "y": 323
      },
      "radius": 20,
      "end": false,
      "start": false
    },
    {
      "id": 16,
      "name": "17",
      "coord": {
        "x": 160,
        "y": 433
      },
      "radius": 20,
      "end": true,
      "start": false
    },
    {
      "id": 17,
      "name": "18*",
      "coord": {
        "x": 235,
        "y": 235
      },
      "radius": 20,
      "end": true,
      "start": false
    },
    {
      "id": 18,
      "name": "ErrUnclosed",
      "coord": {
        "x": 114,
        "y": 323
      },
      "radius": 20,
      "end": true,
      "start": false
    },
    {
      "id": 19,
      "name": "20",
      "coord": {
        "x": 386,
        "y": 534
      },
      "radius": 20,
      "end": false,
      "start": false
    },
    {
      "id": 20,
      "name": "ErrUnmatched",
      "coord": {
        "x": 478,
        "y": 519
      },
      "radius": 20,
      "end": true,
      "start": false
    },
    {
      "id": 21,
      "name": "22*",
      "coord": {
        "x": 300,
        "y": 549
      },
      "radius": 20,
      "end": true,
      "start": false
    }
  ],
  "transitions": [
    {
      "id": 0,
      "state_src_id": 0,
      "state_dst_id": 1,
      "symbols": [
        "d"
      ]
    },
    {
      "id": 1,
      "state_src_id": 1,
      "state_dst_id": 1,
      "symbols": [
        "d"
      ]
    },
    {
      "id": 2,
      "state_src_id": 1,
      "state_dst_id": 2,
      "symbols": [
        "o"
      ]
    },
    {
      "id": 3,
      "state_src_id": 1,
      "state_dst_id": 3,
      "symbols": [
        "l"
      ]
    },
    {
      "id": 4,
      "state_src_id": 0,
      "state_dst_id": 4,
      "symbols": [
        "l"
      ]
    },
    {
      "id": 5,
      "state_src_id": 4,
      "state_dst_id": 4,
      "symbols": [
        "l",
        "d"
      ]
    },
    {
      "id": 6,
      "state_src_id": 4,
      "state_dst_id": 5,
      "symbols": [
        "o"
      ]
    },
    {
      "id": 7,
      "state_src_id": 0,
      "state_dst_id": 6,
      "symbols": [
        "b",
        "s"
      ]
    },
    {
      "id": 8,
      "state_src_id": 0,
      "state_dst_id": 8,
      "symbols": [
        "="
      ]
    },
    {
      "id": 9,
      "state_src_id": 8,
      "state_dst_id": 7,
      "symbols": [
        "="
      ]
    },
    {
      "id": 10,
      "state_src_id": 8,
      "state_dst_id": 9,
      "symbols": [
        "o"
      ]
    },
    {
      "id": 11,
      "state_src_id": 0,
      "state_dst_id": 10,
      "symbols": [
        "n",
        "w"
      ]
    },
    {
      "id": 12,
      "state_src_id": 0,
      "state_dst_id": 11,
      "symbols": [
        "/"
      ]
    },
    {
      "id": 13,
      "state_src_id": 11,
      "state_dst_id": 12,
      "symbols": [
        "*"
      ]
    },
    {
      "id": 14,
      "state_src_id": 12,
      "state_dst_id": 12,
      "symbols": [
        "o"
      ]
    },
    {
      "id": 15,
      "state_src_id": 12,
      "state_dst_id": 13,
      "symbols": [
        "*"
      ]
    },
    {
      "id": 16,
      "state_src_id": 13,
      "state_dst_id": 12,
      "symbols": [
        "o"
      ]
    },
    {
      "id": 17,
      "state_src_id": 13,
      "state_dst_id": 14,
      "symbols": [
        "/"
      ]
    },
    {
      "id": 18,
      "state_src_id": 11,
      "state_dst_id": 15,
      "symbols": [
        "/"
      ]
    },
    {
      "id": 19,
      "state_src_id": 15,
      "state_dst_id": 15,
      "symbols": [
        "o"
      ]
    },
    {
      "id": 20,
      "state_src_id": 15,
      "state_dst_id": 16,
      "symbols": [
        "e",
        "n"
      ]
    },
    {
      "id": 21,
      "state_src_id": 11,
      "state_dst_id": 17,
      "symbols": [
        "o"
      ]
    },
    {
      "id": 22,
      "state_src_id": 12,
      "state_dst_id": 18,
      "symbols": [
        "e"
      ]
    },
    {
      "id": 23,
      "state_src_id": 0,
      "state_dst_id": 19,
      "symbols": [
        "*"
      ]
    },
    {
      "id": 24,
      "state_src_id": 19,
      "state_dst_id": 20,
      "symbols": [
        "/"
      ]
    },
    {
      "id": 25,
      "state_src_id": 19,
      "state_dst_id": 21,
      "symbols": [
        "o"
      ]
    },
    {
      "id": 26,
      "state_src_id": 13,
      "state_dst_id": 18,
      "symbols": [
        "e"
      ]
    }
  ]
}